Lake,Lat,Lon,PW,Chlorophyll,NDVI,Depth,PD,PWLG,DepthLG,PDLG,DepthLG10
NA_1792,49.981,-87.449125,100.1089183,2.248703961,0.451952044,55,1.820162151,2.004789464,1.748188027,1.146781372,1.740362689
AF_1418,-27.40367667,31.95617409,100.7258704,0.323135264,0.53722001,12,8.393822533,2.007431415,1.113943352,1.802094703,1.079181246
AS_1751,-0.612218801,100.5411655,102.9450948,0.97425705,0.639956226,17.737305,5.803874647,2.016804,1.272707126,1.584656798,1.248887634
NA_1611,35.5377643,-80.93699341,103.419619,2.312544009,0.528844202,6,17.23660317,2.018782104,0.84509804,2.388814089,0.77815125
SA_1453,-15.17020823,-70.01057227,103.8216333,2.815645314,0.289015922,127.23535,0.815981041,2.020450922,2.108007761,0.958464651,2.104607789
EU_1738,44.60811613,12.17065647,103.9760454,7.979682121,0.473492088,13.707031,7.585599347,2.021090208,1.167525008,1.731089437,1.136943395
NA_1717,55.392125,-98.013875,104.032198,10.07565809,0.349056844,4.3310547,24.02006098,2.021322454,0.726813139,2.781075832,0.636593669
AS_1654,32.11557497,83.54558725,104.2756184,1.986412502,0.098113118,45,2.317235964,2.022327801,1.662757832,1.216249151,1.653212514
EU_1713,46.594125,30.634625,104.5804509,13.12158533,0.312741627,24.723633,4.229979101,2.023583512,1.410332305,1.434827456,1.393112288
AS_900,24.30606142,68.59587963,104.6265964,1.949915914,0.077450759,5.9433594,17.60394911,2.023773286,0.841569646,2.404760315,0.774031993
AS_1341,32.27764399,116.3598912,104.9512689,7.582921701,0.43453273,7,14.99303841,2.025106162,0.903089987,2.242419019,0.84509804
AS_1265,14.98060256,101.0566362,105.0463495,1.704993369,0.407245399,10,10.50463495,2.025495723,1.041392685,1.944987469,1
SA_1679,-39.71816134,-72.2250761,105.0618165,0.687764347,0.712442728,140.51367,0.747698188,2.025559061,2.150798394,0.941770771,2.147718577
EU_1707,45.80775,38.2285,105.6179249,2.602991277,0.408029135,4.0625,25.99825844,2.027830226,0.704365036,2.878947877,0.608793374
NA_1685,54.083375,-101.58975,106.4938991,50.92908096,0.376797438,12,8.874491592,2.031383816,1.113943352,1.823597055,1.079181246
AS_1699,38.67410585,43.57927216,106.7929508,5.433111419,0.177199163,97.63867,1.093756713,2.032590361,1.994047208,1.019329108,1.989621855
AS_818,29.44976442,52.80657092,107.3054805,1.325600118,0.156875285,16.234375,6.609769732,2.034650433,1.236395538,1.645630682,1.210435574
NA_1587,49.454143,-68.422115,107.4025105,5.359646466,0.514813593,26,4.130865788,2.03503934,1.431363764,1.421748539,1.414973348
NA_1589,49.77623306,-77.20947243,108.0796948,9.228720812,0.386702678,5,21.61593896,2.037743914,0.77815125,2.618699017,0.698970004
AS_1430,31.18351357,35.46683111,108.0975546,0.342419469,0.007412998,317.72363,0.340225103,2.037815016,2.503414263,0.814014303,2.502049516
EU_1544,67.08177492,33.44308068,108.1615516,4.236621599,0.303042179,10.2890625,10.51228444,2.0380697,1.052657877,1.936117844,1.012375805
AS_1545,38.87176683,93.89633256,108.6779288,11.71033164,0.00704788,34.625977,3.138624184,2.04011924,1.551766783,1.314707379,1.539402036
SA_1653,-38.69277802,-67.99983063,109.7613022,3.734840271,0.159685646,9,12.19570024,2.044388053,1,2.044388053,0.954242509
NA_1541,58.816375,-99.139375,110.3042746,2.980784812,0.146737425,9,12.25603051,2.046511844,1,2.046511844,0.954242509
AF_1040,-21.94651469,43.69010496,111.3368536,21.63765841,0.479793108,65.84668,1.69084992,2.050522256,1.825079843,1.123524685,1.818533883
EU_1583,53.75505454,21.72073507,111.5763653,20.11168727,0.515636977,6.0908203,18.31877478,2.051447223,0.850696479,2.411491375,0.784675787
AS_1417,17.32356976,98.88176197,111.8881613,2.608988528,0.60848251,4.638672,24.12073139,2.052648399,0.751176833,2.732576819,0.666393665
AS_776,30.62666655,48.16191939,111.9629552,1.426087947,0.06989521,1.9814453,56.50570076,2.052936045,0.474426846,4.327191986,0.296982088
AS_1406,55.19760526,113.0232811,112.0081806,15.01349237,0.185308849,15.807617,7.085709415,2.053109883,1.225506143,1.675315864,1.198866405
NA_1598,50.015875,-124.4395,112.2098658,20.82212895,0.705700389,30.75586,3.648406053,2.053884276,1.501823879,1.367593301,1.487927875
NA_1592,43.85583922,-70.5494427,112.3883791,1.846768419,0.61759981,29.999023,3.746401311,2.054568547,1.491348006,1.377658694,1.477107111
NA_1463,36.55306527,-95.59319336,113.3351617,13.1,0.404592862,5,22.66703234,2.05817981,0.77815125,2.64496113,0.698970004
NA_1574,54.08543308,-106.1722536,113.8430537,37.9257568,0.307377822,134.5127,0.846336842,2.060104732,2.131979998,0.966287082,2.12876329
NA_1514,65.39774585,-126.1642064,115.0011946,7.494019287,0.172290391,5,23.00023892,2.064462462,0.77815125,2.653034947,0.698970004
AS_1423,25.724375,113.4435,115.5643015,3.688567608,0.637057082,3.100586,37.27176137,2.066565566,0.612845925,3.372080131,0.491443782
AS_1256,40.145875,28.6545,115.7110815,0.736665941,0.556063407,21.86914,5.291066841,2.067112093,1.359249833,1.520774212,1.339831705
NA_852,19.95402102,-101.1597396,115.7862103,0.521102215,0.294774338,27,4.288378159,2.067391566,1.447158031,1.428587287,1.431363764
AS_1378,30.43439407,112.3982179,115.8394067,28.05587504,0.432327804,6,19.30656778,2.067589343,0.84509804,2.446567434,0.77815125
SA_1562,-29.50374556,-49.9301414,115.9823003,2.766282202,0.522809011,12.630859,9.182455469,2.068120157,1.134523225,1.822898034,1.101432887
AS_1013,28.88817012,112.2404035,116.5540324,28.05587504,0.448100074,6,19.42567207,2.070237531,0.84509804,2.449701021,0.77815125
AS_1324,31.43401187,120.7725786,116.8525859,2.277304407,0.343035456,1.265625,92.32796911,2.071339116,0.355188028,5.831669289,0.102305045
EU_1538,43.14066806,12.10603775,117.7287694,15.57616697,0.530502472,3.6357422,32.38094533,2.074555966,0.666119276,3.114391131,0.560593081
NA_1302,44.19809838,-65.12006765,118.2340068,1.811207802,0.631496055,4.8710938,24.27257853,2.076400138,0.768719019,2.701117167,0.687626493
OC_1109,-36.065,147.322875,119.3294561,0.59197318,0.644491255,33.996094,3.510093133,2.080371954,1.544019574,1.34737408,1.531429021
NA_1444,49.53645951,-86.81570119,120.2077855,2.59185461,0.506427994,17,7.071046206,2.083530517,1.255272505,1.659823272,1.230448921
AS_1494,41.04493073,43.24279741,120.263618,6.268950435,0.338705631,18.78125,6.403387314,2.083730522,1.296253732,1.607502043,1.273724494
AS_1447,53.31597074,77.99093969,120.8098262,17.81943605,0.204868483,3.0195312,40.00946445,2.085682324,0.604175404,3.452113922,0.479939521
NA_1491,28.62397071,-81.62594709,120.9526152,39.97529406,0.599065589,4.9296875,24.53555427,2.086191118,0.773031806,2.698713172,0.69281939
AS_1160,59.6888167,65.65612371,121.2976629,19.5,0.391374707,1.390625,87.22528568,2.087418158,0.378511457,5.51480839,0.143210033
NA_1415,55.605,-97.561,122.1882763,8.255232474,0.421494107,4,30.54706908,2.090569378,0.698970004,2.990928603,0.602059991
NA_1426,58.62883841,-103.6836538,122.735396,28.48924446,0.21126573,20,6.1367698,2.092493953,1.322219295,1.582561955,1.301029996
AS_1089,45.9475751,124.4301661,123.7415213,1.7,0.177372309,31,3.991661977,2.096011036,1.505149978,1.39255959,1.491361694
NA_1400,46.73730616,-80.73517229,125.4186944,2.380531141,0.498025618,7.881836,15.91237047,2.101811301,0.94850275,2.215925364,0.896627394
NA_1322,58.80814647,-97.83708955,127.3459417,2.213835073,0.190020839,9,14.14954908,2.108382141,1,2.108382141,0.954242509
NA_1262,63.12872987,-92.82335824,129.0384448,1.420986556,0.090594713,2.7792969,46.42844915,2.114071767,0.577411011,3.661294512,0.443934943
AS_1279,38.12208141,90.78883302,129.6431847,3.159078316,0.055413254,42.910156,3.021270412,2.116086759,1.64256498,1.288281915,1.632560093
NA_1323,49.97740502,-91.92783608,130.8416109,5.475116012,0.456895437,7.0820312,18.47515313,2.120052501,0.907520523,2.336093177,0.850157836
AS_1330,-3.884844286,136.3119777,131.1994136,8.373143566,0.648893394,15.150391,8.659803803,2.121229529,1.208183041,1.755718676,1.180423841
NA_1276,64.58835813,-96.01559869,131.5898604,40.88511789,0.119942549,2.0605469,63.86161868,2.122510313,0.485799039,4.369111799,0.313982504
EU_1277,57.22595653,33.02015836,131.7655046,22.95886625,0.468536454,4.7841797,27.5419221,2.12308525,0.762241777,2.785317356,0.679807484
AS_1275,67.12525,92.922125,132.1532201,13.47654823,0.241323088,210,0.629301048,2.124351674,2.324282455,0.913981719,2.322219295
NA_1367,60.80337268,-162.6255788,132.6296394,34.04737073,0.087692711,15.745117,8.423541051,2.125902796,1.223888186,1.737007367,1.197145892
NA_1293,35.36115149,-94.9035465,133.3696872,13.1,0.555547053,3,44.4565624,2.128301306,0.602059991,3.535031952,0.477121255
OC_1204,-41.88418003,146.742543,133.9608094,0.585173755,0.501811661,0.99999994,133.9608174,2.130207674,0.301029983,7.076397027,-2.61E-08
AS_622,40.977125,108.8938125,134.655109,51.21095276,0.218979232,0.99999994,134.6551171,2.132436155,0.301029983,7.083799879,-2.61E-08
NA_1278,55.2405,-105.4656875,137.0097983,43.4948613,0.389211312,13,10.53921525,2.139909921,1.146128036,1.867077547,1.113943352
AS_1182,71.0053074,147.2117229,138.8800535,15.57204831,0.042000365,1.9853516,69.95237191,2.14575579,0.474995488,4.517423525,0.29783743
AS_1261,9.45353317,125.5221878,139.2086377,0.562382567,0.633053711,378.6377,0.367656569,2.14677477,2.579369334,0.832286692,2.578223853
AS_1176,40.18836987,27.96644503,140.015045,21.63054598,0.447019772,18.535156,7.554025712,2.14926545,1.290816884,1.665042871,1.267996246
AS_1207,9.02075,98.751375,141.4952797,0.603793159,0.593007367,7.0214844,20.1517616,2.153800478,0.904254743,2.381851458,0.846428935
AS_1155,37.13651068,96.93342504,142.1219786,2.753804943,0.085546574,18.335938,7.751006717,2.155706332,1.286365245,1.675812014,1.263303132
NA_1241,49.542875,-92.593625,142.8888939,5.698107492,0.499152281,5,28.57777878,2.158027274,0.77815125,2.773274827,0.698970004
OC_1245,-38.08996504,147.3171625,144.8510074,3.31901208,0.470645154,7.6054688,19.04563824,2.163909433,0.934774534,2.314899854,0.881125989
AF_953,-27.570913,25.817671,146.6894048,0.8,0.327042158,47,3.121051166,2.16934934,1.681241237,1.290326035,1.672097858
EU_1202,45.99836777,9.269008787,148.4811336,0.682678053,0.64187866,143.39746,1.035451629,2.174586383,2.159559554,1.006958284,2.156541459
NA_1195,60.997125,-162.4550625,148.5774748,29.63918052,0.122199518,18.128906,8.195611737,2.174866197,1.281690133,1.696873637,1.258371597
NA_1180,58.16176615,-104.3803382,148.8699173,20.89409826,0.22743419,20,7.443495865,2.175714468,1.322219295,1.64550198,1.301029996
AS_957,32.39673821,116.8830613,149.3800691,4.798177153,0.257290691,6.126953,24.38080872,2.17719028,0.852903895,2.552679491,0.787244549
NA_946,50.38598972,-97.64318976,150.4869147,30.19357992,0.159088552,5,30.09738294,2.180375121,0.77815125,2.801993982,0.698970004
AS_1152,51.19583207,106.3982522,155.8901327,31.77968419,0.198425095,14,11.13500948,2.19559563,1.176091259,1.866858217,1.146128036
NA_834,29.475701,-101.1279775,159.5219726,3.765431751,0.301611074,26,6.135460485,2.205534488,1.431363764,1.540862318,1.414973348
NA_1095,34.07250256,-81.35956231,159.7484883,12.8943224,0.58763403,30,5.32494961,2.206146897,1.491361694,1.479283601,1.477121255
NA_1121,43.61429229,-71.34018376,161.5800619,1.831167286,0.5398875,26.269531,6.150854459,2.211067285,1.435677669,1.540086144,1.419452319
NA_920,42.92987717,-112.7387334,161.7536946,29.20590124,0.332273289,15.650391,10.33544111,2.211530856,1.221424436,1.810616187,1.194525192
EU_1080,63.7494671,30.99101796,163.0528891,12.43696128,0.31706386,6.495117,25.1039187,2.214983883,0.874778417,2.532051364,0.812586979
AS_1119,36.04216151,140.3730968,164.082152,2.002553809,0.372257583,3.1972656,51.31952503,2.217700122,0.622966452,3.559902969,0.504778715
AS_1063,51.47962951,136.5073797,165.007465,22.48330683,0.210192383,2,82.5037325,2.220127618,0.477121255,4.653172743,0.301029996
SA_1051,-22.01302938,-41.35465965,165.1814042,4.529218357,0.581168964,2.9570312,55.86055507,2.220582424,0.597369475,3.717267987,0.470855907
AS_921,30.83271362,117.0845934,166.1748377,8.882318384,0.27767197,3,55.39161257,2.22317091,0.602059991,3.692606953,0.477121255
AF_1059,6.437497248,2.448571914,166.2863801,4.753294972,0.395473108,21.638672,7.684685091,2.223460584,1.354850947,1.641110846,1.335230604
NA_1020,45.3504145,-66.0453075,167.152361,6.292303816,0.511083074,40.47168,4.130106806,2.22570297,1.617751629,1.375800172,1.607151233
NA_1102,51.30391751,-124.0980701,168.2550675,2.854604748,0.232697354,25.980469,6.476213632,2.22854168,1.431049495,1.55727785,1.414646987
SA_1101,-39.25599177,-72.09491465,168.4300234,17.3154813,0.616534052,93.93457,1.793056842,2.228990371,1.977424388,1.127219015,1.972825452
NA_1066,64.072375,-117.384125,168.751373,9.810729722,0.197859748,13.308594,12.67987986,2.229813296,1.155596961,1.929576981,1.124132176
OC_939,-42.71979048,146.1961881,168.8513344,0.545734874,0.55151654,42.691406,3.955159837,2.230068963,1.640396021,1.359469869,1.630340458
NA_1075,54.26429088,-94.92947861,169.333427,8.526685403,0.135653438,16.685547,10.14850919,2.231299884,1.247618497,1.788447262,1.222340449
AS_894,31.11388905,118.9669926,170.2777888,12.77483062,0.397082526,3,56.75926293,2.233701048,0.602059991,3.710097133,0.477121255
NA_1058,59.112375,-106.267375,170.4189268,16.96743093,0.280062215,4.8115234,35.4189126,2.234058772,0.764289991,2.923051196,0.682282602
AS_1019,46.92894592,87.43143639,171.4737029,13.18726091,0.096833165,8,21.43421286,2.236722887,0.954242509,2.343977412,0.903089987
NA_1037,46.96825,-79.16325,173.4765253,2.751069938,0.546319629,105.27344,1.647866027,2.241737004,2.026424739,1.106252288,2.022318815
AS_721,33.22143303,73.71434662,174.4631689,13.6,0.339212644,15,11.63087793,2.244185969,1.204119983,1.863756105,1.176091259
AS_858,34.073144,72.8953205,175.1884089,13.6,0.449019914,8.34668,20.9889931,2.245977334,0.970657374,2.313872427,0.921513764
EU_1021,61.98531394,30.94300522,176.9333106,16.73241951,0.281873925,8.999023,19.66139109,2.250257259,0.999957567,2.250352748,0.954195362
EU_1000,67.88742967,35.15093101,177.6175068,3.215173282,0.185086426,5.2939453,33.55106574,2.251924023,0.798922964,2.81869983,0.72377945
NA_1018,50.97975,-105.201375,177.8312936,18.34702439,0.251092305,20,8.89156468,2.252443518,1.322219295,1.703532483,1.301029996
AS_748,40.62929099,125.2726837,179.5260693,2.083211711,0.526871863,3.6269531,49.4977642,2.256539926,0.665295097,3.391787997,0.55954194
AS_868,31.57579384,119.8165966,182.4198222,61.30752563,0.345761406,0.99999994,182.4198331,2.263446268,0.301029983,7.519006075,-2.61E-08
AS_1005,54.55814724,77.97908147,186.5926645,20.21006573,0.143546652,0.99999994,186.5926757,2.273215852,0.301029983,7.551459931,-2.61E-08
OC_851,-38.17980094,143.4255924,187.5487125,0.584842024,0.298345517,35,5.358534643,2.275423571,1.556302501,1.46207024,1.544068044
AF_754,-17.46418681,48.53052739,189.1325847,0.333739101,0.503580848,11.618164,16.27904243,2.279056552,1.100996168,2.069994991,1.065137503
AS_917,31.47307824,118.8754989,189.5175662,32.79044113,0.264557876,3,63.17252207,2.279935025,0.602059991,3.786890107,0.477121255
AF_443,13.285,14.577625,189.5871044,11.17604278,0.39958642,4,47.3967761,2.280093512,0.698970004,3.262076338,0.602059991
SA_490,-7.2883465,-47.70377575,195.0865711,19.5,0.589785338,18.529297,10.52854683,2.292447852,1.29068661,1.776145994,1.267858943
NA_770,37.06759352,-111.2775281,197.373259,14.84268768,0.140891065,40,4.934331475,2.297483128,1.612783857,1.424544968,1.602059991
AS_907,43.29060059,116.6347509,197.6376348,24.37371216,0.19989962,2,98.8188174,2.298061535,0.477121255,4.816514697,0.301029996
AF_936,30.31123019,32.41159281,199.6829218,5.81197732,0.203127139,16.618164,12.01594363,2.302510415,1.245960648,1.847980045,1.220583041
NA_947,43.20313872,-75.90953563,199.9259271,29.10189932,0.294804795,10.814453,18.48691997,2.303035981,1.072413619,2.147525862,1.034004558
NA_817,35.324863,-84.8456225,206.1281369,24.50066714,0.650201901,16.250977,12.68404582,2.316239099,1.236813696,1.872746967,1.210879476
EU_846,67.5719945,32.0457355,206.9118674,3.853259353,0.240795975,11.897461,17.39126251,2.317879279,1.110504223,2.087231395,1.07545429
AS_809,53.8316797,72.95317522,206.9703503,9.950248243,0.103510726,0.99999994,206.9703627,2.318001423,0.301029983,7.700234385,-2.61E-08
EU_911,45.96552486,8.653270128,207.3418175,5.879250566,0.656786264,153.02344,1.354967693,2.318776448,2.187586819,1.059970022,2.184757961
AS_916,24.51956821,102.8863469,207.8793832,24.22711207,0.311283009,75,2.771725109,2.319895576,1.880813592,1.233453217,1.875061263
AF_865,-0.990063652,10.09392714,213.3714964,2.092403309,0.458639544,6.614258,32.25932469,2.33116704,0.881627588,2.64416299,0.820481131
NA_883,33.30881167,-80.05410965,214.5118219,24.78671584,0.6626298,2.3242188,92.29416004,2.333471098,0.521689601,4.472910889,0.36627701
NA_890,49.51624241,-121.8667126,215.1375555,3.473752423,0.512371356,32,6.723048609,2.334730235,1.51851394,1.537509913,1.505149978
NA_887,29.91053857,-92.75142203,215.8464254,13.0577044,0.334029084,2.0830078,103.6224758,2.336152267,0.488974623,4.777655435,0.318690896
AS_565,19.52951869,75.24266202,216.5661453,1.839610074,0.336265122,40,5.414153633,2.337591317,1.612783857,1.449413886,1.602059991
AS_827,66.67025,93.982,220.3454654,13.47654823,0.239474712,210,1.049264121,2.345070629,2.324282455,1.00894391,2.322219295
EU_832,61.87430351,29.98341047,220.5794312,16.02462694,0.249567675,12.795898,17.2382924,2.345529443,1.139749975,2.057933314,1.10707077
AS_798,39.14278815,33.66388299,223.084521,14.36085789,0.23594462,22,10.1402055,2.350411858,1.361727836,1.726051121,1.342422681
AS_864,54.9799011,78.58181191,224.1051484,17.49652595,0.107766771,2.7626953,81.11830081,2.352385428,0.575499051,4.087557441,0.441332989
AS_611,16.74034619,102.5346005,225.9652633,33.91508374,0.515588498,17,13.29207431,2.355959394,1.255272505,1.87685095,1.230448921
NA_764,46.687242,-75.76341675,226.4009754,4.348447401,0.392284678,48,4.716686988,2.356792323,1.69019608,1.394389888,1.681241237
AS_849,13.94475,121.01575,228.2917545,2.316953183,0.629627778,97.28711,2.346577614,2.360388437,1.992496565,1.184638648,1.988055302
AS_597,43.248491,127.1247058,229.5012797,1.44333762,0.322380583,31,7.403267087,2.362673341,1.505149978,1.56972619,1.491361694
AS_812,25.78870093,100.1952173,230.2550225,48.96331978,0.455727634,11,20.93227477,2.364091174,1.079181246,2.190634041,1.041392685
NA_824,30.25199575,-90.50146635,233.3470582,14.69491505,0.631197671,3.428711,68.05678816,2.369859506,0.646277341,3.666938876,0.535130881
AS_746,14.92020842,98.5288297,235.7747495,1.388036555,0.529645853,19.992188,11.79334396,2.374335386,1.322057707,1.795939294,1.300860327
AF_644,-27.0241085,28.1910875,236.5097191,0.803828816,0.201113242,47,5.032121683,2.375681386,1.681241237,1.413052055,1.672097858
SA_607,-3.330221459,-58.42274634,239.8210421,13.44867047,0.416080091,3,79.94034737,2.381694431,0.602059991,3.955908823,0.477121255
AS_502,34.61356422,117.2130518,240.7722805,24.30838579,0.219429045,0.99999994,240.7722949,2.383406507,0.301029983,7.91750538,-2.61E-08
NA_508,23.94075636,-98.76237169,244.2690115,0.427225351,0.392275272,11.924805,20.48410951,2.389642681,1.111423999,2.150072953,1.076451286
AS_672,39.11085315,64.17198355,245.5792795,13.66159934,0.103813783,18,13.64329331,2.391956579,1.278753601,1.870537512,1.255272505
AS_692,34.10375991,118.1815698,247.1836658,18.87529712,0.351424898,0.99999994,247.1836806,2.394773195,0.301029983,7.955264702,-2.61E-08
NA_585,50.0983127,-105.9776303,249.3382262,17.15085542,0.097379102,3,83.11274207,2.398527171,0.602059991,3.983867397,0.477121255
NA_720,50.12814721,-71.2567975,250.8258179,7.307318723,0.269319135,18.36914,13.6547393,2.401100253,1.287110338,1.865496828,1.264088824
EU_744,58.29204819,26.04646318,251.364474,37.59386808,0.076241585,1.9296875,130.2617517,2.402028218,0.466821298,5.145498348,0.285486984
NA_749,29.87555256,-93.85509884,252.3762035,11.2026153,0.416665252,1.3857422,182.1234884,2.403765825,0.377623513,6.365508885,0.141682443
AS_661,23.82941947,114.5348746,260.7506132,0.879519912,0.402493081,2.7070312,96.32346062,2.417887708,0.569026241,4.249167319,0.432493261
NA_702,49.70198664,-93.22113728,266.7872798,6.675247519,0.346952299,5,53.35745596,2.427789944,0.77815125,3.119946081,0.698970004
AF_599,-28.02783471,32.46141472,267.5451931,0.265610834,0.536890184,72.671875,3.681550711,2.429017383,1.867301723,1.300816763,1.861366366
EU_715,46.12873587,38.416357,267.5565479,12.90886179,0.307942001,3.399414,78.70666765,2.429035746,0.643394833,3.775342329,0.531404059
SA_614,-32.00536448,-60.84066603,270.0354832,11.45104374,0.326353941,41,6.586231298,2.433026151,1.62324929,1.498861676,1.612783857
AS_465,28.82467122,112.7011353,270.3444008,28.05587504,0.177021332,6,45.05740013,2.433520864,0.84509804,2.87957225,0.77815125
AS_501,49.83402094,136.3565099,275.8145011,33.79354041,0.24627901,3,91.93816703,2.442188837,0.602059991,4.056387856,0.477121255
AS_554,37.43643642,65.20955766,276.9604038,13.66212971,0.099173996,19,14.57686336,2.443982934,1.301029996,1.87849853,1.278753601
NA_651,53.11,-66.616,278.4520144,7.056721343,0.271243346,11,25.31381949,2.446307245,1.079181246,2.266817788,1.041392685
NA_687,54.05786443,-101.0540582,278.5310778,4.674300818,0.284735545,12,23.21092315,2.446430099,1.113943352,2.196188966,1.079181246
NA_663,53.53468314,-103.6775848,278.6977234,29.56398806,0.253854886,66.67578,4.179894459,2.446688931,1.83043327,1.336672017,1.823968105
NA_652,66.89303144,-126.291993,280.8281654,25.46482436,0.056578012,3,93.60938847,2.449984394,0.602059991,4.069335994,0.477121255
AS_666,24.82305103,102.6867759,282.7583731,38.02429954,0.357515655,34.635742,8.163774089,2.452948685,1.551885806,1.580624474,1.539524496
NA_660,50.766125,-119.2255,286.046359,11.01753398,0.351045372,89.65137,3.190652402,2.457952042,1.957374372,1.255739361,1.952556931
AS_330,50.2813565,130.7870693,288.8221583,47.31174139,0.418737975,3,96.27405277,2.462131586,0.602059991,4.089512045,0.477121255
AS_538,30.22950744,114.5207668,292.209314,27.46824193,0.42247082,2,146.104657,2.467177762,0.477121255,5.170965949,0.301029996
NA_646,47.064,-79.415,293.9105679,2.694753744,0.485879183,91.11719,3.225632484,2.469690335,1.964340682,1.257261716,1.959600318
SA_453,-18.43656855,-47.80160554,296.2135777,16.5,0.523879468,11.782227,25.14071217,2.473068646,1.106606526,2.234822033,1.071227386
AS_372,35.05739612,116.7845753,302.9362335,3.44161933,0.397270342,0.99999994,302.9362517,2.482782477,0.301029983,8.247625222,-2.61E-08
NA_588,51.20669804,-93.29566645,313.9385535,10.72219319,0.31260136,10,31.39385535,2.498225828,1.041392685,2.398927767,1
AS_506,36.03200688,100.7184483,314.9161509,2.566093037,0.127294542,19.746094,15.94827569,2.499571829,1.316936341,1.898020239,1.2954812
NA_586,54.22197026,-100.8148814,318.4606677,9.492256847,0.20177855,12,26.53838898,2.504417395,1.113943352,2.248244841,1.079181246
AS_455,45.28239585,124.2244998,323.9109984,24.9671754,0.211259363,31,10.44874188,2.511764413,1.505149978,1.668780154,1.491361694
AS_459,52.11652553,139.8985505,324.765407,32.30693079,0.280590922,14.735352,22.03988116,2.512904965,1.196876463,2.099552496,1.168360515
NA_563,49.82625,-119.536625,329.787,8.110876532,0.410340637,72.46289,4.55111575,2.519548433,1.866068009,1.350191108,1.860115651
NA_546,54.5526009,-124.6300003,339.1544048,21.76662207,0.391031017,26,13.04440018,2.531676099,1.431363764,1.768716075,1.414973348
NA_547,54.54907655,-110.0620646,339.9958403,39.18761139,0.203774708,49,6.938690618,2.532749081,1.698970004,1.490755619,1.69019608
EU_544,41.03608457,20.71357975,343.6703754,1.283519955,0.342065391,113.694336,3.022757223,2.537403957,2.059541971,1.232023427,2.05573883
AS_391,29.84168975,113.3264688,343.9208632,45.13418773,0.217491138,6,57.32014387,2.537719464,0.84509804,3.002869897,0.77815125
AS_530,51.99846864,136.5771825,349.5314584,58.36093762,0.268968383,2,174.7657292,2.544727,0.477121255,5.333501651,0.301029996
NA_515,67.39710185,-126.441173,350.9719491,39.35260907,0.00016537,3,116.9906497,2.546508053,0.602059991,4.229658323,0.477121255
AS_444,46.5805,124.0461875,357.1239041,31.31236516,0.157595262,23.618164,15.12073098,2.55403331,1.391255661,1.835775683,1.373246134
EU_527,45.6058996,10.67248829,358.1860621,5.173074601,0.41381437,126.59961,2.829282508,2.555319476,2.105849347,1.213438881,2.102432368
EU_518,46.25469736,30.30195309,361.6173404,12.08638493,0.279068331,3,120.5391135,2.559448568,0.602059991,4.251152053,0.477121255
NA_475,34.7460715,-87.17964375,373.3331877,12.81115473,0.453894686,9.4921875,39.33057451,2.573258333,1.020866043,2.520662089,0.977366308
NA_492,63.92928656,-117.2883856,373.8055999,10.67297618,0.056514062,13.308594,28.08753501,2.573806071,1.155596961,2.227252371,1.124132176
AF_482,5.259456,-3.2269955,383.3020635,7.834913102,0.402115714,32.081055,11.94792576,2.584672716,1.519579351,1.700913292,1.506248642
SA_402,-2.943389106,-58.26789611,399.5952836,13.37745519,0.268789772,3,133.1984279,2.602705832,0.602059991,4.323000813,0.477121255
AS_473,30.68442936,81.47097104,401.6702345,1.201471371,0.004032162,45,8.926005211,2.604949528,1.662757832,1.566643968,1.653212514
NA_448,45.939529,-119.2654375,406.7132357,4.048745651,0.373419534,47.646484,8.536059779,2.61035481,1.687051456,1.547288199,1.678030858
AF_314,7.1510385,-5.5739565,410.757131,0.936414681,0.529939972,11.62207,35.34285467,2.614641129,1.101130584,2.374505954,1.065283487
EU_396,59.63947413,39.45731241,415.7984943,41.54086921,0.237508886,0.99999994,415.7985192,2.619926141,0.301029983,8.703206632,-2.61E-08
NA_450,54.91016438,-109.7571309,417.5913971,38.33038217,0.079067852,10.823242,38.5828384,2.621790298,1.072736579,2.444020601,1.034357369
NA_437,59.17843098,-105.3085241,418.6008498,22.78947328,0.181927611,4.8115234,86.99964959,2.622836359,0.764289991,3.431729305,0.682282602
NA_431,67.16060729,-125.9825133,418.7697873,41.73190958,0.032715389,3,139.5899291,2.623011177,0.602059991,4.356727261,0.477121255
NA_390,50.72852572,-70.7527783,426.1612199,7.177652715,0.28053773,26,16.39081615,2.630591818,1.431363764,1.837822002,1.414973348
NA_426,54.78410336,-125.9802655,429.8188048,4.33046497,0.377130689,26,16.53149249,2.634294652,1.431363764,1.840408929,1.414973348
NA_405,66.82437252,-125.2112566,435.5099784,29.27516898,0.098541966,3.125,139.3631931,2.639994176,0.615423953,4.289716322,0.494850022
NA_355,29.9458935,-93.31046329,440.7201036,14.45753627,0.054791237,1.6123047,273.3478998,2.645147165,0.417023832,6.342916073,0.20744712
NA_417,54.30020807,-105.6969436,443.7234963,35.84024372,0.095357701,150,2.958156642,2.648090075,2.178976947,1.215290542,2.176091259
AS_410,38.0573817,30.85773975,445.2164188,3.951592023,0.254018487,14,31.80117277,2.649545546,1.176091259,2.252840097,1.146128036
EU_384,49.98132823,31.27170669,445.3545549,10.51800951,0.354926063,3,148.4515183,2.649679971,0.602059991,4.401023169,0.477121255
NA_350,16.045977,-92.38105975,449.8591655,19.13397282,0.54991596,1.96875,228.4998936,2.654040903,0.472573627,5.616142652,0.294190571
AF_373,5.26780544,-4.348712418,452.2730732,4.405180305,0.457430228,80.41211,5.624439816,2.65635992,1.910689011,1.390262835,1.905321458
AS_413,44.60364825,81.16990726,452.9966845,0.438675943,0.037922612,49.5166,9.14838023,2.657052681,1.703434113,1.559821223,1.694750817
AS_389,31.12221727,88.34467653,464.2768953,1.725597391,0.124292734,16.045898,28.93430429,2.667711487,1.231619885,2.166018525,1.205364027
NA_371,49.37033,-117.9638435,466.4949413,10.91019642,0.504964021,13,35.88422625,2.669776916,1.146128036,2.32938802,1.113943352
NA_377,60.492625,-121.318625,474.8179696,10.35668994,0.268274576,41,11.58092609,2.677440839,1.62324929,1.649432934,1.612783857
AS_327,21.63640313,83.79845371,481.2801061,22.49660219,0.315450347,18.773438,25.63622636,2.683299348,1.296082186,2.070315737,1.273543813
AS_343,40.92519062,46.75774426,481.8118392,7.952469573,0.103330664,8.581055,56.148322,2.683777911,0.981413333,2.734605105,0.933540686
NA_378,39.09657491,-120.0334802,484.1088089,0.261029952,0.256440439,251.77441,1.922787979,2.685839161,2.402733105,1.117826676,2.401011587
SA_358,-40.96984965,-71.50816579,508.9394752,1.199931554,0.631889302,147.75781,3.444416747,2.707518633,2.172479776,1.246280247,2.169550446
NA_363,51.25670856,-99.77266727,509.9754821,19.380755,0.12832239,5,101.9950964,2.708400062,0.77815125,3.48055736,0.698970004
SA_335,-54.5612143,-67.9386828,541.3718291,1.293000249,0.166664256,49.035156,11.04048347,2.734297124,1.699275258,1.609096061,1.690507561
SA_296,-2.278520884,-54.27382291,548.5531839,12.39728521,0.31993253,3,182.8510613,2.740009728,0.602059991,4.551057648,0.477121255
AS_319,38.658125,39.5350625,550.7956837,7.31554022,0.157096782,45,12.23990408,2.741778299,1.662757832,1.648934226,1.653212514
EU_306,68.4285825,30.989452,551.680961,2.613150212,0.374104876,15,36.77873073,2.742474504,1.204119983,2.277575776,1.176091259
NA_328,58.62926433,-155.9014252,568.9902438,2.533261718,0.148236775,5,113.7980488,2.755867422,0.77815125,3.541557532,0.698970004
EU_310,65.06225,31.188125,570.5392317,10.21347451,0.378326918,10.7421875,53.11201575,2.757046047,1.069749011,2.5772831,1.031092729
OC_317,-38.79599092,175.8946679,585.4279712,3.873049112,0.479299789,90,6.504755236,2.768214677,1.959041392,1.413045527,1.954242509
SA_272,-31.229976,-57.8262615,591.1408593,13.91059043,0.458291991,6,98.52347655,2.77242503,0.84509804,3.28059574,0.77815125
AS_307,47.80887128,117.697738,596.1778684,33.27586997,-0.054168211,6,99.36297807,2.776103704,0.84509804,3.284948696,0.77815125
AS_289,34.90008768,97.69404749,615.130039,3.109615286,-0.011311274,17.708984,34.73547884,2.789672383,1.272050204,2.19305211,1.248193646
AS_235,30.02301519,116.2973041,633.7136411,22.09307492,0.295930097,8,79.21420514,2.802577832,0.954242509,2.936966027,0.903089987
NA_284,52.95525,-93.091,645.2997091,13.17510071,0.424208888,21,30.72855758,2.81043396,1.342422681,2.093553693,1.322219295
AS_275,35.28487886,136.0888301,649.0233948,15.79242414,0.721728932,23.763672,27.31157856,2.812928987,1.393815043,2.018150831,1.375913549
AS_173,29.23086467,112.8993078,669.0844797,33.02639759,0.336458321,6,111.51408,2.826129559,0.84509804,3.344144023,0.77815125
AS_226,32.83902478,119.3008886,695.8098562,15.39236241,0.030242955,6.7890625,102.4898292,2.843114285,0.891485189,3.18918847,0.831809807
AS_186,44.91271119,82.89722249,707.835632,14.06290311,0.022342436,9.014648,78.52060691,2.850545541,1.000635689,2.848734631,0.954948773
AS_250,31.57223005,117.5351344,754.8408474,18.83182974,0.084337715,7,107.8344068,2.878430359,0.903089987,3.187312892,0.84509804
NA_241,69.231138,-132.1588645,782.4919445,11.08654047,0.076004948,25,31.29967778,2.894034536,1.414973348,2.045292613,1.397940009
EU_224,67.415428,32.25216875,784.8772129,3.999663334,0.254098898,12,65.40643441,2.895354696,1.113943352,2.599193837,1.079181246
NA_242,46.26304489,-79.76137648,789.0326923,33.8392959,0.256424686,4,197.2581731,2.897645063,0.698970004,4.145592866,0.602059991
NA_229,53.69075,-94.337,803.188613,10.26815125,0.283606084,21,38.24707681,2.905357919,1.342422681,2.164264625,1.322219295
SA_225,-41.14516332,-72.81061339,823.3053791,0.390297082,0.162051758,152.14941,5.411163797,2.916088134,2.185115328,1.334523673,2.182270273
AS_219,47.25585354,87.28959448,852.2480024,5.350997855,-0.049996855,8,106.5310003,2.93107528,0.954242509,3.071625138,0.903089987
AS_215,14.39125,121.1588125,854.40917,19.654784,-0.032561852,13.188477,64.78452137,2.932173902,1.151935781,2.545431743,1.120194646
EU_214,57.05928,54.8198875,863.7784593,78.72938538,0.390899667,8,107.9723074,2.936904863,0.954242509,3.07773426,0.903089987
AS_164,41.97926809,87.01507807,987.8278863,16.45720655,0.013553694,13.158203,75.07316054,2.995120706,1.151008135,2.602171622,1.119196582
AS_174,54.52142038,82.38868441,1027.709152,16.71938027,0.390173384,9,114.1899058,3.012292604,1,3.012292604,0.954242509
NA_172,48.59207774,-72.04811585,1075.73325,27.62557743,-0.022318822,19.66211,54.7109771,3.032108124,1.315174669,2.305479413,1.293630121
NA_165,44.59129106,-73.30658102,1084.564202,21.30149165,0.33157553,37.71289,28.75844842,3.035655513,1.587855594,1.911795711,1.576489814
NA_160,42.45355426,-82.67331907,1120.681197,3.437721426,-0.045432166,2.6679688,420.0503383,3.04986944,0.564425633,5.403492085,0.426180747
EU_155,63.58139665,34.75356406,1137.004677,0.276550539,0.112232669,8.544922,133.0620311,3.056144047,0.979772384,3.119238813,0.931708103
NA_149,55.12662297,-104.9290725,1219.701022,31.72322391,0.148191132,13,93.82315554,3.086609308,1.146128036,2.693075479,1.113943352
SA_118,-27.40487406,-56.35235068,1321.453485,8.111603617,0.120484244,13,101.6502681,3.121380405,1.146128036,2.723413361,1.113943352
AS_115,33.3120556,118.5823669,1419.09659,14.01812064,-0.070269398,0.99999994,1419.096675,3.152317885,0.301029983,10.4717738,-2.61E-08
SA_127,-50.24884572,-72.66097707,1443.656723,1.135809658,0.101976233,150,9.624378153,3.159764663,2.178976947,1.450113856,2.176091259
EU_123,60.06997077,37.80106684,1486.221681,26.18852037,0.091270785,4.395508,338.1228475,3.172375708,0.732032341,4.333655129,0.643009075
NA_113,63.31818696,-117.9564867,1621.32886,19.2701461,0.029838838,9.670898,167.6502906,3.210138894,1.028200969,3.122092851,0.985466803
NA_114,30.18340715,-90.11574176,1651.952003,11.08866071,0,1.4804688,1115.830339,3.218260243,0.394533769,8.157122401,0.170399259
SA_108,-46.46925,-71.55725,1734.188751,0.323978244,0.176685169,290,5.97996121,3.239346724,2.463892989,1.314727035,2.462397998
AS_99,48.94800857,117.3984754,1944.934663,9.788181875,-0.055160393,5,388.9869326,3.289128254,0.77815125,4.226849539,0.698970004
AS_102,30.73802168,90.60284628,1957.109022,0.562436383,-0.003040111,16.570312,118.1093646,3.291836868,1.244779473,2.6445141,1.219330686
AS_97,62.958921,111.7536108,2011.312994,8.5,0.243689088,32,62.85353106,3.303695532,1.51851394,2.175610934,1.505149978
NA_98,58.23421357,-103.2943961,2025.954448,18.49298065,0.051527883,20,101.2977224,3.306843989,1.322219295,2.500979983,1.301029996
AS_66,29.12117457,116.280422,2164.176296,17.64256596,0.233956757,8,270.522037,3.335493264,0.954242509,3.495435627,0.903089987
AS_82,54.5465125,128.5954693,2179.229952,9.513898118,0.359222291,8.374023,260.2369198,3.338502302,0.971926015,3.434934605,0.922934149
SA_60,-9.703323598,-41.69739652,2372.411098,5.264567682,0.14286369,11.291992,210.0967746,3.375372969,1.089622269,3.097745948,1.052770562
NA_74,59.55279366,-155.0929439,2542.891944,2.127165078,0.004574313,32.70703,77.7475651,3.40549866,1.527720488,2.229137259,1.514641109
AS_42,37.6678699,45.46546387,3160.09534,3.35999477,-0.024977713,23.283203,135.7242532,3.499837595,1.38530597,2.526400426,1.367042725
EU_58,58.54719539,27.54439487,3400.291078,42.27983876,-0.060472708,6.15625,552.3315457,3.5316438,0.854685504,4.13209746,0.789316248
AS_56,38.64362709,42.95331027,3522.179568,1.60788721,-0.025819544,65.69238,53.61625759,3.546934779,1.824076216,1.944510184,1.817514996
AS_46,36.88672361,100.2006354,4231.328844,2.212899019,-0.095947355,18,235.0738247,3.626579404,1.278753601,2.836026738,1.255272505
AS_44,44.99953904,132.411587,4289.251642,5.296850834,-0.051414063,4,1072.312911,3.632482766,0.698970004,5.196907941,0.602059991
AS_15,46.62588,76.36275,16915.46,1.787740234,-0.016950581,7.2695312,2326.898329,4.228309486,0.91748089,4.608607691,0.861506405
AF_4,-1.0994,32.91184,65441.81,21.56337202,-0.033575313,65.53613,998.5607939,4.815861939,1.823057537,2.641640124,1.816480792